City_ID,City,Country,Date,Lat,Lng,Max Temp,Humidity,Cloudiness,Wind Speed
0,Upernavik,GL,2021-03-29 19:51:05,72.7868,-56.1549,-0.18,69,100,7.14
1,Toora-Khem,RU,2021-03-29 19:51:06,52.4675,96.11,26.15,96,95,4.21
2,Saint-Philippe,RE,2021-03-29 19:51:06,-21.3585,55.7679,77.0,78,0,4.61
3,Karratha,AU,2021-03-29 19:51:06,-20.7377,116.8463,87.84,41,35,6.87
4,Sahuaripa,MX,2021-03-29 19:51:07,29.05,-109.2333,90.72,9,100,5.23
5,Bredasdorp,ZA,2021-03-29 19:51:07,-34.5322,20.0403,60.8,88,96,5.75
6,Provideniya,RU,2021-03-29 19:51:07,64.3833,-173.3,18.18,90,98,4.34
7,Sinnamary,GF,2021-03-29 19:51:08,5.3833,-52.95,79.14,85,81,14.32
8,Sistranda,NO,2021-03-29 19:51:08,63.7256,8.834,44.6,65,20,34.52
9,Luanda,AO,2021-03-29 19:51:08,-8.8368,13.2343,80.6,78,20,6.91
10,Ushuaia,AR,2021-03-29 19:50:09,-54.8,-68.3,51.8,62,75,3.44
11,Geraldton,AU,2021-03-29 19:51:09,-28.7667,114.6,73.4,64,75,5.75
12,Tuatapere,NZ,2021-03-29 19:51:09,-46.1333,167.6833,51.01,97,100,3.29
13,Rikitea,PF,2021-03-29 19:51:10,-23.1203,-134.9692,79.36,69,28,16.6
14,Bluff,NZ,2021-03-29 19:51:10,-46.6,168.3333,51.01,97,100,5.66
15,Port Elizabeth,ZA,2021-03-29 19:51:10,-33.918,25.5701,66.2,88,40,14.97
16,Pyapon,MM,2021-03-29 19:51:11,16.2833,95.6833,78.75,65,99,8.75
17,Mataura,NZ,2021-03-29 19:51:11,-46.1927,168.8643,51.01,97,100,2.48
18,Bereda,ES,2021-03-29 19:51:11,43.2686,-7.5406,55.0,77,100,1.01
19,Yellowknife,CA,2021-03-29 19:51:12,62.456,-114.3525,3.99,55,40,11.5
20,Evensk,RU,2021-03-29 19:51:12,61.95,159.2333,-5.85,79,8,6.4
21,Polson,US,2021-03-29 19:51:13,47.6936,-114.1632,36.0,64,100,7.0
22,Avarua,CK,2021-03-29 19:51:13,-21.2078,-159.775,80.6,83,75,13.8
23,Kodiak,US,2021-03-29 19:51:13,57.79,-152.4072,42.8,70,75,5.75
24,Serebryanyy Bor,RU,2021-03-29 19:51:14,56.8,124.8,1.92,99,100,2.01
25,Ribeira Grande,PT,2021-03-29 19:51:14,38.5167,-28.7,60.8,82,75,23.02
26,Petropavlovsk-Kamchatskiy,RU,2021-03-29 19:51:14,53.0452,158.6483,26.6,54,100,4.47
27,Puerto Ayora,EC,2021-03-29 19:51:15,-0.7393,-90.3518,82.4,78,20,11.5
28,Cidreira,BR,2021-03-29 19:51:15,-30.1811,-50.2056,77.25,53,2,9.33
29,Hilo,US,2021-03-29 19:51:16,19.7297,-155.09,71.6,83,90,4.61
30,Taltal,CL,2021-03-29 19:50:20,-25.4,-70.4833,68.77,69,22,7.67
31,Hualmay,PE,2021-03-29 19:51:16,-11.0964,-77.6139,74.43,73,38,10.0
32,Yeppoon,AU,2021-03-29 19:51:17,-23.1333,150.7333,71.6,78,40,6.91
33,Ciudad Bolivar,VE,2021-03-29 19:51:17,8.1222,-63.5497,89.87,42,100,13.89
34,Dikson,RU,2021-03-29 19:51:17,73.5069,80.5464,-27.63,99,6,8.12
35,Khatanga,RU,2021-03-29 19:51:18,71.9667,102.5,-24.7,97,22,11.61
36,Mar Del Plata,AR,2021-03-29 19:48:54,-38.0023,-57.5575,68.0,64,20,11.5
37,Cape Town,ZA,2021-03-29 19:51:18,-33.9258,18.4232,66.99,63,0,3.44
38,New Norfolk,AU,2021-03-29 19:51:18,-42.7826,147.0587,52.0,68,98,3.27
39,Busselton,AU,2021-03-29 19:51:19,-33.65,115.3333,62.01,96,6,4.45
40,Carinhanha,BR,2021-03-29 19:51:19,-14.3047,-43.765,95.11,18,100,3.02
41,Bitung,ID,2021-03-29 19:51:20,1.4451,125.1824,75.2,94,20,2.3
42,Ust-Maya,RU,2021-03-29 19:51:20,60.4167,134.5333,22.89,96,100,5.84
43,Cao Bang,VN,2021-03-29 19:51:20,22.6667,106.25,72.57,98,18,3.13
44,Zaysan,KZ,2021-03-29 19:51:21,47.4667,84.8667,25.27,90,100,3.58
45,Kattivakkam,IN,2021-03-29 19:51:21,13.2167,80.3167,82.4,83,20,6.91
46,Albany,US,2021-03-29 19:50:18,42.6001,-73.9662,46.0,33,1,4.0
47,Saint-Paul,RE,2021-03-29 19:51:22,-21.0096,55.2707,77.0,94,0,6.91
48,Acapulco,MX,2021-03-29 19:48:32,16.8634,-99.8901,86.0,58,90,5.75
49,Taseyevo,RU,2021-03-29 19:51:22,57.2169,94.8978,29.93,97,100,5.97
50,Lishan,CN,2021-03-29 19:51:23,31.8576,113.2951,57.18,83,100,6.67
51,Tagusao,PH,2021-03-29 19:51:23,9.1924,117.8141,79.36,83,18,4.81
52,Langsa,ID,2021-03-29 19:50:19,4.4683,97.9683,74.97,95,100,1.81
53,Alberdi,AR,2021-03-29 19:51:24,-32.8899,-60.6906,78.8,47,0,6.91
54,Kautokeino,NO,2021-03-29 19:51:24,69.0125,23.0412,27.52,96,100,11.01
55,George Town,MY,2021-03-29 19:51:24,5.4112,100.3354,82.0,89,20,2.19
56,Nahrin,AF,2021-03-29 19:51:25,36.0649,69.1334,41.54,92,100,3.74
57,Portland,US,2021-03-29 19:48:01,45.5234,-122.6762,48.99,66,75,8.05
58,Kemi,FI,2021-03-29 19:51:25,65.8596,24.8228,35.6,100,90,18.41
59,Pevek,RU,2021-03-29 19:51:25,69.7008,170.3133,-14.94,98,100,5.19
60,Kaitangata,NZ,2021-03-29 19:51:26,-46.2817,169.8464,54.72,95,100,3.98
61,Mushie,CD,2021-03-29 19:51:26,-3.0167,16.9,72.34,95,100,2.57
62,Touros,BR,2021-03-29 19:51:27,-5.1989,-35.4608,86.0,66,40,16.11
63,Carrefour,HT,2021-03-29 19:51:27,18.5411,-72.3992,93.2,36,20,19.57
64,Kavaratti,IN,2021-03-29 19:51:27,10.5669,72.642,84.07,72,100,15.52
65,Lowestoft,GB,2021-03-29 19:51:28,52.4752,1.7516,54.0,84,6,3.0
66,Thompson,CA,2021-03-29 19:51:28,55.7435,-97.8558,12.2,73,90,19.57
67,Torbay,CA,2021-03-29 19:51:28,47.6666,-52.7314,33.01,93,90,40.29
68,Nikolskoye,RU,2021-03-29 19:51:29,59.7035,30.7861,46.99,49,40,13.42
69,Oranjemund,NA,2021-03-29 19:51:29,-28.55,16.4333,61.23,88,0,4.32
70,Butaritari,KI,2021-03-29 19:51:29,3.0707,172.7902,80.8,80,80,13.47
71,Georgetown,MY,2021-03-29 19:50:12,5.4112,100.3354,82.0,89,20,2.19
72,Bethel,US,2021-03-29 19:48:50,41.3712,-73.414,52.0,28,1,13.8
73,Hermanus,ZA,2021-03-29 19:51:30,-34.4187,19.2345,67.06,65,26,3.76
74,Nouadhibou,MR,2021-03-29 19:51:30,20.931,-17.0347,64.0,83,2,22.91
75,Loandjili,CG,2021-03-29 19:51:31,-4.7561,11.8578,80.6,89,20,5.75
76,Vaini,TO,2021-03-29 19:51:31,-21.2,-175.2,78.8,89,20,9.22
77,Kapaa,US,2021-03-29 19:51:32,22.0752,-159.319,75.0,78,90,13.8
78,Ilulissat,GL,2021-03-29 19:51:32,69.2167,-51.1,12.2,48,75,2.3
79,Makakilo City,US,2021-03-29 19:51:32,21.3469,-158.0858,78.8,61,1,8.05
80,Port Alfred,ZA,2021-03-29 19:51:33,-33.5906,26.891,69.31,84,88,24.38
81,Bangil,ID,2021-03-29 19:51:33,-7.5994,112.8186,78.8,94,20,3.44
82,Kabelvag,NO,2021-03-29 19:51:33,68.2114,14.4817,39.2,87,75,13.8
83,Port Keats,AU,2021-03-29 19:51:34,-14.25,129.55,76.26,71,100,7.45
84,Severo-Kurilsk,RU,2021-03-29 19:51:34,50.6789,156.125,35.06,96,100,16.11
85,San Giuseppe Jato,IT,2021-03-29 19:51:35,37.9734,13.1881,57.99,88,0,10.36
86,Narsaq,GL,2021-03-29 19:51:35,60.9167,-46.05,24.8,46,75,5.75
87,Bundaberg,AU,2021-03-29 19:51:36,-24.85,152.35,70.0,88,13,8.05
88,Lebu,CL,2021-03-29 19:51:36,-37.6167,-73.65,62.46,72,2,5.26
89,Teguldet,RU,2021-03-29 19:51:36,57.3064,88.1667,22.37,84,100,11.54
90,Te Anau,NZ,2021-03-29 19:51:37,-45.4167,167.7167,50.04,92,100,1.34
91,Mahebourg,MU,2021-03-29 19:51:37,-20.4081,57.7,77.0,88,20,5.75
92,Praia Da Vitoria,PT,2021-03-29 19:51:37,38.7333,-27.0667,62.6,77,40,23.94
93,Punta Arenas,CL,2021-03-29 19:51:38,-53.15,-70.9167,46.4,93,90,4.61
94,Rawlins,US,2021-03-29 19:51:38,41.7911,-107.2387,48.2,29,90,36.82
95,Gamba,GA,2021-03-29 19:51:39,-2.65,10.0,76.32,85,97,1.07
96,Locri,IT,2021-03-29 19:51:39,38.2414,16.2623,57.99,54,3,12.66
97,Olafsvik,IS,2021-03-29 19:51:39,64.8945,-23.7142,30.22,62,100,13.22
98,Batagay,RU,2021-03-29 19:51:40,67.6333,134.6333,-10.97,100,82,2.51
99,Carnarvon,AU,2021-03-29 19:51:40,-24.8667,113.6333,78.8,89,69,9.22
100,Kryve Ozero,UA,2021-03-29 19:51:41,47.9524,30.3493,43.57,86,63,4.41
101,Tuktoyaktuk,CA,2021-03-29 19:51:41,69.4541,-133.0374,-16.6,83,20,14.97
102,Castro,BR,2021-03-29 19:51:41,-24.7911,-50.0119,70.81,81,21,10.07
103,Barentu,ER,2021-03-29 19:51:42,15.1139,37.5928,79.23,43,12,4.88
104,Gibara,CU,2021-03-29 19:51:42,21.1097,-76.1317,91.4,46,20,16.11
105,Sars,RU,2021-03-29 19:51:42,56.5502,57.1366,28.27,95,100,2.86
106,Atuona,PF,2021-03-29 19:51:43,-9.8,-139.0333,80.85,78,24,18.45
107,Victoria,HK,2021-03-29 19:48:12,22.2855,114.1577,78.01,87,22,7.52
108,Tutoia,BR,2021-03-29 19:51:43,-2.7619,-42.2744,86.0,74,40,14.97
109,Beringovskiy,RU,2021-03-29 19:51:44,63.05,179.3167,14.2,89,100,16.69
110,Wajima,JP,2021-03-29 19:51:44,37.4,136.9,51.78,72,100,7.99
111,Mahibadhoo,MV,2021-03-29 19:51:44,3.7833,72.9667,79.66,78,100,11.9
112,Campina Verde,BR,2021-03-29 19:51:45,-19.5356,-49.4864,92.43,28,5,2.98
113,Linguere,SN,2021-03-29 19:51:45,15.3953,-15.1193,95.0,18,0,6.91
114,Souillac,MU,2021-03-29 19:51:46,-20.5167,57.5167,77.0,88,20,5.75
115,Kandrian,PG,2021-03-29 19:51:46,-6.2167,149.55,75.85,91,100,5.57
116,Boguchany,RU,2021-03-29 19:51:46,58.3814,97.4531,25.97,98,100,2.82
117,Essau,GM,2021-03-29 19:51:47,13.4839,-16.5347,73.4,64,0,16.11
118,Sao Filipe,CV,2021-03-29 19:51:47,14.8961,-24.4956,70.11,74,59,15.43
119,Dwarka,IN,2021-03-29 19:51:47,22.2394,68.9678,78.46,82,3,13.22
120,Clyde River,CA,2021-03-29 19:51:48,70.4692,-68.5914,-2.2,78,75,8.05
121,Saskylakh,RU,2021-03-29 19:51:48,71.9167,114.0833,-15.32,98,99,6.53
122,Srednekolymsk,RU,2021-03-29 19:51:48,67.45,153.6833,-14.94,99,68,3.94
123,Hobart,AU,2021-03-29 19:49:04,-42.8794,147.3294,52.0,81,0,3.44
124,Kutum,SD,2021-03-29 19:51:49,14.2,24.6667,67.95,11,0,14.92
125,Zalegoshch,RU,2021-03-29 19:51:49,52.9008,36.8869,19.18,98,60,5.1
126,Kangaatsiaq,GL,2021-03-29 19:51:50,68.3065,-53.4641,6.33,72,98,11.81
127,Qaanaaq,GL,2021-03-29 19:51:50,77.484,-69.3632,-13.49,74,43,6.69
128,Esperance,AU,2021-03-29 19:51:50,-33.8667,121.9,80.6,26,33,13.8
129,Ogulin,HR,2021-03-29 19:51:51,45.2661,15.2286,55.4,76,0,4.61
130,Mocorito,MX,2021-03-29 19:51:51,25.4833,-107.9167,96.87,8,58,7.34
131,Meulaboh,ID,2021-03-29 19:51:51,4.1363,96.1285,75.07,94,100,6.13
132,Hobyo,SO,2021-03-29 19:51:52,5.3505,48.5268,80.42,74,58,9.95
133,Haines Junction,CA,2021-03-29 19:51:52,60.7522,-137.5108,28.4,31,88,1.83
134,Jamestown,US,2021-03-29 19:51:52,42.097,-79.2353,44.01,60,40,9.69
135,Vallenar,CL,2021-03-29 19:51:53,-28.5708,-70.7581,81.86,26,0,8.34
136,Hambantota,LK,2021-03-29 19:51:53,6.1241,81.1185,76.24,87,100,14.07
137,Nakusp,CA,2021-03-29 19:51:53,50.2499,-117.8023,35.6,35,100,8.05
138,Kyra,RU,2021-03-29 19:51:54,49.5776,111.9753,33.64,40,100,3.29
139,Gasa,PS,2021-03-29 19:51:54,31.5,34.4667,57.0,100,1,11.18
140,Talnakh,RU,2021-03-29 19:51:55,69.4865,88.3972,-20.79,99,26,3.53
141,Hasaki,JP,2021-03-29 19:51:55,35.7333,140.8333,57.2,88,75,6.91
142,Norman Wells,CA,2021-03-29 19:51:55,65.282,-126.8329,1.4,55,75,12.66
143,Tura,IN,2021-03-29 19:51:56,25.5198,90.2201,74.01,53,78,5.95
144,Mancio Lima,BR,2021-03-29 19:51:56,-7.6142,-72.8958,77.0,100,90,4.61
145,Beidao,CN,2021-03-29 19:51:57,34.5686,105.8933,54.25,63,7,4.99
146,East London,ZA,2021-03-29 19:51:57,-33.0153,27.9116,69.37,84,100,19.66
147,Onega,RU,2021-03-29 19:51:57,63.9061,38.1404,36.36,82,100,15.05
148,Kurilsk,RU,2021-03-29 19:51:58,45.2333,147.8833,36.25,97,69,9.22
149,Cherskiy,RU,2021-03-29 19:51:58,68.75,161.3,-7.6,98,100,7.11
150,Jimani,DO,2021-03-29 19:51:58,18.4917,-71.8502,93.2,36,20,19.57
151,Labuhan,ID,2021-03-29 19:51:59,-6.8844,112.2051,78.26,86,57,3.49
152,Kununurra,AU,2021-03-29 19:51:59,-15.7667,128.7333,77.0,78,100,6.91
153,Gazanjyk,TM,2021-03-29 19:51:59,39.2446,55.5154,51.08,50,3,6.06
154,Pisco,PE,2021-03-29 19:52:00,-13.7,-76.2167,75.2,64,0,12.66
155,Galiakot,IN,2021-03-29 19:52:00,23.5167,74.0,83.8,19,32,12.17
156,Yamethin,MM,2021-03-29 19:52:01,20.4333,96.15,76.33,31,0,6.4
157,Mountain Home,US,2021-03-29 19:47:05,43.133,-115.6912,42.8,24,40,20.71
158,Sitka,US,2021-03-29 19:52:01,57.0531,-135.33,33.8,100,90,3.44
159,Saint George,US,2021-03-29 19:52:01,37.1041,-113.5841,75.0,22,1,6.46
160,Honiara,SB,2021-03-29 19:52:02,-9.4333,159.95,78.3,84,55,2.95
161,Bilma,NE,2021-03-29 19:52:02,18.6853,12.9164,74.73,10,0,6.82
162,Feijo,BR,2021-03-29 19:52:02,-8.1642,-70.3536,80.47,90,100,2.17
163,Aksakovo,BG,2021-03-29 19:52:03,43.25,27.8167,46.0,61,0,3.44
164,Egvekinot,RU,2021-03-29 19:52:03,66.3167,-179.1667,5.41,79,100,15.73
165,Heyang,CN,2021-03-29 19:52:04,26.1011,107.473,64.02,98,48,2.91
166,Sambava,MG,2021-03-29 19:52:04,-14.2667,50.1667,78.13,89,100,3.51
167,Bilibino,RU,2021-03-29 19:52:04,68.0546,166.4372,-12.93,99,99,0.89
168,Pachino,IT,2021-03-29 19:52:05,36.7186,15.0907,51.8,87,40,2.3
169,Svetlogorsk,BY,2021-03-29 19:52:05,52.6333,29.7333,41.25,87,100,5.23
170,Brae,GB,2021-03-29 19:52:05,60.3964,-1.353,44.6,93,20,12.66
171,Uglovskoye,RU,2021-03-29 19:52:06,51.3557,80.1942,24.39,87,31,15.95
172,Shablykino,RU,2021-03-29 19:52:06,52.8566,35.1964,25.72,94,51,5.12
173,Ponta Do Sol,PT,2021-03-29 19:52:07,32.6667,-17.1,66.2,59,20,9.22
174,Dunedin,NZ,2021-03-29 19:49:02,-45.8742,170.5036,57.0,83,100,4.68
175,Quelimane,MZ,2021-03-29 19:52:07,-17.8786,36.8883,80.6,74,75,6.91
176,Gorontalo,ID,2021-03-29 19:47:09,0.5412,123.0595,75.81,92,100,1.99
177,Nome,US,2021-03-29 19:47:20,64.5011,-165.4064,33.01,93,90,8.05
178,Mandan,US,2021-03-29 19:52:08,46.8267,-100.8896,53.6,43,90,37.98
179,Bayburt,TR,2021-03-29 19:49:19,40.2589,40.2278,10.92,84,4,4.16
180,Ishigaki,JP,2021-03-29 19:52:08,24.3448,124.1572,75.85,91,4,12.66
181,Nanortalik,GL,2021-03-29 19:52:09,60.1432,-45.2371,28.45,53,81,5.53
182,Byron Bay,AU,2021-03-29 19:52:09,-28.65,153.6167,66.2,100,75,4.61
183,Kirakira,SB,2021-03-29 19:52:09,-10.4544,161.9205,80.71,81,100,5.64
184,Wanaka,NZ,2021-03-29 19:52:10,-44.7,169.15,53.02,83,98,0.63
185,San Francisco,US,2021-03-29 19:50:30,37.7749,-122.4194,63.0,58,20,19.57
186,Barrow,US,2021-03-29 19:52:10,71.2906,-156.7887,-5.8,71,1,27.63
187,Inhambane,MZ,2021-03-29 19:52:11,-23.865,35.3833,71.6,73,20,3.44
188,Reconquista,AR,2021-03-29 19:52:11,-29.15,-59.65,78.15,42,3,6.96
189,Arraial Do Cabo,BR,2021-03-29 19:47:15,-22.9661,-42.0278,91.4,70,20,8.05
190,Revelstoke,CA,2021-03-29 19:51:09,50.9832,-118.2023,35.6,38,90,14.97
191,Codrington,AU,2021-03-29 19:52:12,-38.2667,141.9667,51.62,85,95,3.6
192,Jonkoping,SE,2021-03-29 19:52:12,57.7814,14.1562,48.2,100,90,17.27
193,Guerrero Negro,MX,2021-03-29 19:52:12,27.9769,-114.0611,79.9,27,100,11.23
194,Polunochnoye,RU,2021-03-29 19:52:13,60.8697,60.4153,18.7,97,96,3.13
195,Progreso,MX,2021-03-29 19:52:13,21.2833,-89.6667,95.0,31,75,6.91
196,Peniche,PT,2021-03-29 19:52:13,39.3558,-9.3811,60.01,77,23,6.46
197,Burnie,AU,2021-03-29 19:52:14,-41.0667,145.9167,49.57,67,100,5.48
198,Tamandare,BR,2021-03-29 19:52:14,-8.7597,-35.1047,81.16,76,69,7.78
199,Hithadhoo,MV,2021-03-29 19:52:15,-0.6,73.0833,82.92,75,100,26.98
200,Ornskoldsvik,SE,2021-03-29 19:52:15,63.2909,18.7153,35.6,100,90,3.44
201,Loei,TH,2021-03-29 19:52:15,17.4167,101.5,82.99,64,11,5.12
202,Bartlesville,US,2021-03-29 19:49:02,36.7473,-95.9808,73.99,27,1,24.16
203,Yining,CN,2021-03-29 19:52:16,29.0361,114.5636,67.5,97,87,3.24
204,Itiuba,BR,2021-03-29 19:52:16,-10.6917,-39.8536,93.09,24,8,9.04
205,Veraval,IN,2021-03-29 19:52:17,20.9,70.3667,77.36,79,3,10.92
206,Luderitz,NA,2021-03-29 19:52:17,-26.6481,15.1594,63.28,82,0,7.63
207,Kruisfontein,ZA,2021-03-29 19:52:17,-34.0033,24.7314,66.99,82,34,7.0
208,Coruripe,BR,2021-03-29 19:52:18,-10.1256,-36.1756,80.35,77,89,8.5
209,Emba,KZ,2021-03-29 19:52:18,48.8264,58.1442,21.25,95,100,3.74
210,Chanika,TZ,2021-03-29 19:52:18,-5.4167,38.0167,68.13,98,97,2.98
211,Anadyr,RU,2021-03-29 19:52:19,64.75,177.4833,5.0,85,40,11.18
212,Nemuro,JP,2021-03-29 19:48:07,43.3236,145.575,39.06,85,89,20.98
213,San Cristobal,VE,2021-03-29 19:52:19,7.7669,-72.225,80.6,69,75,6.91
214,Chuy,UY,2021-03-29 19:52:20,-33.6971,-53.4616,70.43,80,71,9.95
215,Nakhon Thai,TH,2021-03-29 19:52:20,17.1006,100.8374,88.0,32,6,3.15
216,Ust-Kan,RU,2021-03-29 19:52:21,50.9276,84.761,13.59,83,10,6.93
217,Tasiilaq,GL,2021-03-29 19:52:21,65.6145,-37.6368,23.0,54,0,6.64
218,Kavieng,PG,2021-03-29 19:52:21,-2.5744,150.7967,82.0,78,89,12.88
219,Mackenzie,CA,2021-03-29 19:52:22,55.2999,-123.1698,24.8,54,20,8.05
220,Tazovskiy,RU,2021-03-29 19:52:22,67.4667,78.7,-5.21,88,100,4.68
221,Paraiso,CR,2021-03-29 19:52:22,9.8383,-83.8656,82.4,53,40,23.02
222,Caravelas,BR,2021-03-29 19:52:23,-17.7125,-39.2481,81.64,66,0,8.61
223,Lavrentiya,RU,2021-03-29 19:52:23,65.5833,-171.0,13.44,85,99,11.27
224,Lahat,ID,2021-03-29 19:52:23,-3.8,103.5333,71.98,98,80,2.1
225,Cabo San Lucas,MX,2021-03-29 19:48:34,22.8909,-109.9124,78.01,31,75,5.75
226,Nagato,JP,2021-03-29 19:52:24,34.3833,131.2,57.2,94,20,9.22
227,Sehithwa,BW,2021-03-29 19:52:24,-20.4667,22.7167,72.54,41,2,6.98
228,Iqaluit,CA,2021-03-29 19:52:25,63.7506,-68.5145,6.8,72,75,21.85
229,Airai,TL,2021-03-29 19:52:25,-8.9266,125.4092,59.4,98,100,4.18
230,Lompoc,US,2021-03-29 19:52:25,34.6391,-120.4579,64.0,77,0,16.11
231,Lagoa,PT,2021-03-29 19:52:26,39.05,-27.9833,58.23,85,100,17.27
232,Oistins,BB,2021-03-29 19:52:26,13.0667,-59.5333,82.4,61,40,23.02
233,Gander,CA,2021-03-29 19:52:27,48.9682,-54.5906,35.6,93,90,39.12
234,Jian,CN,2021-03-29 19:52:27,27.1172,114.9793,73.13,89,28,2.8
235,Katsuura,JP,2021-03-29 19:52:27,35.1333,140.3,59.0,94,40,5.75
236,Chapais,CA,2021-03-29 19:52:28,49.7834,-74.8492,19.4,63,75,19.57
237,Saint-Francois,FR,2021-03-29 19:52:28,46.4154,3.9054,53.6,54,0,4.61
238,Lahaina,US,2021-03-29 19:52:29,20.8783,-156.6825,77.0,61,40,5.75
239,Seoul,KR,2021-03-29 19:51:12,37.5683,126.9778,39.2,93,1,1.14
240,Champerico,GT,2021-03-29 19:52:29,14.3,-91.9167,93.2,52,75,4.61
241,Axim,GH,2021-03-29 19:52:29,4.8699,-2.2405,80.1,85,2,8.08
242,Chara,RU,2021-03-29 19:52:30,56.9064,118.2631,1.26,77,35,1.74
243,Tchibanga,GA,2021-03-29 19:52:30,-2.85,11.0333,71.78,95,92,0.58
244,Padang,ID,2021-03-29 19:52:31,-0.9492,100.3543,75.2,94,75,2.3
245,Loubomo,CG,2021-03-29 19:52:31,-4.1997,12.6739,71.62,96,87,2.42
246,Man,CI,2021-03-29 19:52:31,7.4125,-7.5538,74.35,88,8,2.57
247,Basco,PH,2021-03-29 19:52:32,20.4487,121.9702,79.45,83,17,10.71
248,Kilvelur,IN,2021-03-29 19:52:32,10.7672,79.7419,80.26,77,100,8.1
249,Mareeba,AU,2021-03-29 19:52:33,-17.0,145.4333,77.0,69,100,10.36
250,Bengkulu,ID,2021-03-29 19:52:33,-3.8004,102.2655,75.6,91,93,3.0
251,Flers,FR,2021-03-29 19:52:33,48.7372,-0.5747,51.8,76,0,2.3
252,Bykovo,RU,2021-03-29 19:52:34,55.6361,38.0803,35.6,59,0,2.24
253,Paita,PE,2021-03-29 19:52:34,-5.0892,-81.1144,91.4,40,20,14.97
254,Guymon,US,2021-03-29 19:48:14,36.6828,-101.4816,80.6,14,1,31.07
255,Berdigestyakh,RU,2021-03-29 19:52:35,62.0989,126.6992,9.3,97,100,2.21
256,Bichena,ET,2021-03-29 19:49:08,10.45,38.2,63.0,37,68,0.6
257,Aloleng,PH,2021-03-29 19:52:35,16.1307,119.7824,79.77,76,36,7.31
258,Mao,ES,2021-03-29 19:52:36,39.8885,4.2658,53.6,94,0,6.91
259,Yulara,AU,2021-03-29 19:52:36,-25.2406,130.9889,66.2,48,0,6.91
260,Ariano Irpino,IT,2021-03-29 19:52:36,41.1489,15.0833,54.0,61,0,8.05
261,Razdolinsk,RU,2021-03-29 19:52:37,58.4211,94.6658,23.65,99,100,2.75
262,Pangody,RU,2021-03-29 19:52:37,65.85,74.4859,2.35,92,100,5.55
263,Kaeo,NZ,2021-03-29 19:52:37,-35.1,173.7833,69.01,97,73,8.99
264,Mineral Wells,US,2021-03-29 19:52:39,32.8085,-98.1128,75.99,25,1,18.41
265,Lockhart,US,2021-03-29 19:52:39,28.6194,-81.4426,84.0,54,1,4.61
266,Rtishchevo,RU,2021-03-29 19:52:40,52.2604,43.7874,20.68,94,16,7.61
267,Nizhneangarsk,RU,2021-03-29 19:52:40,55.7833,109.55,23.76,96,100,1.39
268,Longyearbyen,SJ,2021-03-29 19:52:40,78.2186,15.6401,26.6,74,40,27.63
269,Loncoche,CL,2021-03-29 19:52:41,-39.3667,-72.6333,73.4,53,0,4.61
270,Guryevsk,RU,2021-03-29 19:52:41,54.2833,85.9333,24.67,89,100,19.82
271,Marigot,MF,2021-03-29 19:52:41,18.0667,-63.0833,82.4,61,40,17.27
272,Rovaniemi,FI,2021-03-29 19:52:42,66.5,25.7167,32.0,100,90,12.66
273,Kuytun,RU,2021-03-29 19:52:42,54.3419,101.5036,29.77,99,100,2.21
274,Balkanabat,TM,2021-03-29 19:52:42,39.5108,54.3671,52.39,49,6,3.42
275,Ternate,ID,2021-03-29 19:52:43,0.8,127.4,77.31,93,100,14.72
276,Santa Isabel,BR,2021-03-29 19:52:43,-23.3156,-46.2214,89.6,42,40,9.22
277,Eyrarbakki,IS,2021-03-29 19:52:44,63.863,-21.1481,33.8,47,0,8.05
278,Tonantins,BR,2021-03-29 19:52:44,-2.8731,-67.8022,82.31,70,100,3.04
279,Tomatlan,MX,2021-03-29 19:52:44,19.9333,-105.25,89.56,31,59,10.92
280,Cairns,AU,2021-03-29 19:48:24,-16.9167,145.7667,77.0,69,100,10.36
281,Yola,NG,2021-03-29 19:52:45,9.2,12.4833,87.22,13,3,3.83
282,Ningxiang,CN,2021-03-29 19:52:45,37.34,111.2052,46.18,74,0,7.09
283,Novyy Urengoy,RU,2021-03-29 19:52:46,66.0833,76.6333,-0.17,90,100,2.71
284,Marawi,PH,2021-03-29 19:52:46,7.9986,124.2928,75.99,90,95,5.01
285,Port Lincoln,AU,2021-03-29 19:52:47,-34.7333,135.8667,63.91,82,5,7.61
286,Biskamzha,RU,2021-03-29 19:52:47,53.4497,89.5272,19.58,88,94,9.48
287,Hirtshals,DK,2021-03-29 19:52:47,57.5881,9.9592,50.0,93,90,18.41
288,Patan,NP,2021-03-29 19:52:48,27.6667,85.3333,60.8,67,20,2.3
289,Baker City,US,2021-03-29 19:52:48,44.7749,-117.8344,42.8,36,75,14.97
290,Miri,MY,2021-03-29 19:52:48,4.4148,114.0089,75.2,94,40,2.3
291,Oktyabrskiy,RU,2021-03-29 19:52:49,54.4815,53.471,29.53,95,100,5.84
292,Santa Isabel Do Rio Negro,BR,2021-03-29 19:52:49,-0.4139,-65.0192,85.66,68,53,4.18
293,Sabang,ID,2021-03-29 19:52:49,5.8933,95.3214,79.03,82,100,15.46
294,Port-Gentil,GA,2021-03-29 19:52:50,-0.7193,8.7815,80.6,83,20,2.89
295,Mvomero,TZ,2021-03-29 19:52:50,-6.25,38.6667,80.6,89,75,9.22
296,Aswan,EG,2021-03-29 19:52:50,24.0934,32.907,67.8,19,0,12.53
297,Ballina,AU,2021-03-29 19:52:51,-28.8667,153.5667,66.2,100,75,4.61
298,Nelson,NZ,2021-03-29 19:52:51,-41.2833,173.2833,57.99,91,99,1.99
299,Khunti,IN,2021-03-29 19:52:52,23.0833,85.2833,78.8,38,2,4.34
300,Kloulklubed,PW,2021-03-29 19:52:52,7.0419,134.2556,77.0,94,75,3.44
301,Ailigandi,PA,2021-03-29 19:52:53,9.2333,-78.0167,82.33,80,45,12.8
302,Notse,TG,2021-03-29 19:52:53,6.95,1.1667,82.47,66,0,8.86
303,Atar,MR,2021-03-29 19:52:53,20.5169,-13.0499,85.44,18,5,10.92
304,Hakkari,TR,2021-03-29 19:52:54,37.5833,44.1667,26.94,72,1,3.06
305,Korla,CN,2021-03-29 19:52:54,41.7597,86.1469,44.37,86,100,20.49
306,Takoradi,GH,2021-03-29 19:52:54,4.8845,-1.7554,80.65,84,2,9.42
307,Chesma,RU,2021-03-29 19:52:55,53.8111,60.6533,18.48,97,78,5.55
308,Saint-Pierre,RE,2021-03-29 19:52:55,-21.3393,55.4781,77.0,78,0,4.61
309,Viedma,AR,2021-03-29 19:52:55,-40.8135,-62.9967,77.45,32,42,12.12
310,Maputo,MZ,2021-03-29 19:52:56,-25.9653,32.5892,75.2,64,0,5.75
311,Yumen,CN,2021-03-29 19:52:56,40.2833,97.2,46.69,45,100,14.72
312,Pitimbu,BR,2021-03-29 19:52:56,-7.4706,-34.8086,84.2,79,40,9.22
313,Araouane,ML,2021-03-29 19:52:57,18.9048,-3.5265,82.17,6,14,9.46
314,Laguna,US,2021-03-29 19:52:36,38.421,-121.4238,70.0,42,1,9.22
315,Point Pedro,LK,2021-03-29 19:52:57,9.8167,80.2333,80.78,80,21,12.28
316,Tuy Hoa,VN,2021-03-29 19:52:58,13.0833,109.3,71.82,93,46,4.68
317,Manhattan,US,2021-03-29 19:52:58,40.7834,-73.9662,55.4,28,1,11.5
318,Sibu,MY,2021-03-29 19:52:59,2.3,111.8167,75.2,94,40,2.3
319,Tessalit,ML,2021-03-29 19:52:59,20.1986,1.0114,79.93,6,57,10.27
320,Maceio,BR,2021-03-29 19:53:00,-9.6658,-35.7353,80.6,83,75,11.5
321,Mizan Teferi,ET,2021-03-29 19:53:00,6.9833,35.5833,69.21,52,69,2.33
322,Abu Dhabi,AE,2021-03-29 19:50:52,24.4667,54.3667,75.2,69,0,9.22
323,Zhicheng,CN,2021-03-29 19:53:00,30.2956,111.5047,64.0,81,100,3.6
324,Kapuskasing,CA,2021-03-29 19:53:01,49.4169,-82.4331,33.8,44,57,10.36
325,Livingston,GB,2021-03-29 19:53:01,55.9029,-3.5226,57.2,77,20,25.32
326,Twin Falls,US,2021-03-29 19:52:13,42.3505,-114.6445,37.4,30,20,26.46
327,Alofi,NU,2021-03-29 19:53:02,-19.0595,-169.9187,80.6,89,5,8.05
328,Banda Aceh,ID,2021-03-29 19:53:02,5.5577,95.3222,76.91,86,100,10.49
329,Raymond,US,2021-03-29 19:53:02,43.9015,-70.4703,46.0,39,3,4.0
330,Rio Gallegos,AR,2021-03-29 19:53:03,-51.6226,-69.2181,68.0,42,0,4.61
331,Dhidhdhoo,MV,2021-03-29 19:50:06,6.8833,73.1,82.94,72,100,17.78
332,Greifswald,DE,2021-03-29 19:53:03,54.1,13.3833,51.01,85,92,1.01
333,Sosva,RU,2021-03-29 19:53:04,59.1766,61.8558,16.97,96,53,2.75
334,Harper,LR,2021-03-29 19:53:04,4.375,-7.7169,79.25,83,10,4.63
335,Bayji,IQ,2021-03-29 19:53:04,34.9311,43.487,59.43,20,3,6.78
336,Muravlenko,RU,2021-03-29 19:53:05,63.7898,74.523,-4.41,98,99,7.2
337,Sayyan,YE,2021-03-29 19:53:05,15.1718,44.3244,58.41,26,0,3.38
338,Richards Bay,ZA,2021-03-29 19:51:16,-28.783,32.0377,67.01,81,91,5.12
339,San Quintin,MX,2021-03-29 19:53:06,30.4833,-115.95,69.12,52,100,13.49
340,Omboue,GA,2021-03-29 19:53:06,-1.5746,9.2618,76.64,86,100,2.98
341,Half Moon Bay,US,2021-03-29 19:53:06,37.4636,-122.4286,64.0,71,20,14.97
342,Surgut,RU,2021-03-29 19:53:07,61.25,73.4167,1.4,85,0,4.47
343,Kalmunai,LK,2021-03-29 19:53:07,7.4167,81.8167,77.16,85,93,7.07
344,Lixourion,GR,2021-03-29 19:53:07,38.2019,20.4314,58.26,84,81,13.24
345,Illapel,CL,2021-03-29 19:53:08,-31.6308,-71.1653,76.82,46,0,7.63
346,Cananeia,BR,2021-03-29 19:53:08,-25.0147,-47.9267,78.67,88,31,5.66
347,Noormarkku,FI,2021-03-29 19:53:09,61.5927,21.8685,44.6,100,90,9.22
348,Parry Sound,CA,2021-03-29 19:49:47,45.3501,-80.033,33.01,55,14,6.35
349,Sola,VU,2021-03-29 19:53:09,-13.8833,167.55,81.91,77,23,16.58
350,Fortuna,US,2021-03-29 19:53:09,40.5982,-124.1573,54.0,50,1,19.57
351,San Patricio,US,2021-03-29 19:53:10,28.017,-97.5169,70.0,64,90,11.5
352,Xico,MX,2021-03-29 19:53:10,19.2667,-98.9333,71.6,35,90,4.61
353,Sorland,NO,2021-03-29 19:53:11,67.667,12.6934,41.0,87,75,14.97
354,Nadvoitsy,RU,2021-03-29 19:53:11,63.8667,34.3167,37.29,85,100,19.24
355,Boende,CD,2021-03-29 19:50:21,-0.2167,20.8667,72.97,93,100,4.18
356,Grass Valley,US,2021-03-29 19:48:58,39.2191,-121.0611,64.99,39,1,4.61
357,Mitsamiouli,KM,2021-03-29 19:53:12,-11.3847,43.2844,83.34,69,14,10.63
358,La Ronge,CA,2021-03-29 19:53:12,55.1001,-105.2842,21.2,79,90,19.57
359,Pekalongan,ID,2021-03-29 19:53:12,-6.8886,109.6753,78.73,87,99,3.91
360,Afonso Bezerra,BR,2021-03-29 19:53:13,-5.4983,-36.5056,83.71,67,100,9.73
361,Santa Maria,BR,2021-03-29 19:53:13,-29.6842,-53.8069,73.4,60,75,4.61
362,Temecula,US,2021-03-29 19:50:57,33.4936,-117.1484,81.0,13,1,10.36
363,Port Hardy,CA,2021-03-29 19:53:14,50.6996,-127.4199,44.6,45,20,18.41
364,Chokurdakh,RU,2021-03-29 19:53:14,70.6333,147.9167,-4.02,99,97,5.28
365,Tankhoy,RU,2021-03-29 19:53:14,51.5528,105.1306,26.53,94,99,4.52
366,Salvador,SV,2021-03-29 19:51:51,13.8333,-88.9167,91.4,35,40,9.22
367,Kiama,AU,2021-03-29 19:53:15,-34.6833,150.8667,62.01,81,83,1.99
368,Kalakamati,BW,2021-03-29 19:53:15,-20.5929,27.3121,60.8,88,0,3.44
369,Mezen,RU,2021-03-29 19:53:16,65.8522,44.24,35.78,81,100,13.56
370,Khandyga,RU,2021-03-29 19:53:16,62.6667,135.6,9.36,93,100,3.15
371,Musoma,TZ,2021-03-29 19:53:16,-1.5,33.8,67.41,88,100,11.81
372,Gull Lake,CA,2021-03-29 19:53:17,50.1001,-108.4847,17.6,93,90,38.7
373,Parana,AR,2021-03-29 19:52:43,-31.732,-60.5238,72.97,66,77,7.78
374,Asau,RO,2021-03-29 19:53:17,46.4333,26.4,44.6,49,0,10.36
375,Dawson,US,2021-03-29 19:53:18,31.7735,-84.4466,73.4,26,1,6.91
376,Soyo,AO,2021-03-29 19:53:18,-6.1349,12.3689,81.59,76,98,8.08
377,Goderich,CA,2021-03-29 19:53:18,43.7501,-81.7165,35.6,55,17,8.05
378,Erenhot,CN,2021-03-29 19:53:19,43.6475,111.9767,42.33,23,100,11.21
379,Altamira,BR,2021-03-29 19:51:17,-3.2033,-52.2064,84.2,79,40,4.61
380,Birao,CF,2021-03-29 19:53:19,10.2849,22.7882,80.47,13,0,6.17
381,Tungor,RU,2021-03-29 19:53:20,53.3808,142.9564,30.81,99,100,5.35
382,Japura,ID,2021-03-29 19:53:20,-0.3167,102.35,73.44,98,19,1.36
383,Berlevag,NO,2021-03-29 19:53:20,70.8578,29.0864,33.8,75,0,13.8
384,Neiafu,TO,2021-03-29 19:53:21,-18.65,-173.9833,80.6,83,20,6.91
385,Virginia Beach,US,2021-03-29 19:49:12,36.8529,-75.978,62.6,31,1,10.36
386,Amahai,ID,2021-03-29 19:53:21,-3.3333,128.9167,77.67,86,100,3.78
387,Kokopo,PG,2021-03-29 19:53:22,-4.352,152.2633,75.92,84,100,4.72
388,Hamilton,US,2021-03-29 19:53:22,39.1834,-84.5333,57.99,33,1,6.64
389,Jibuti,DJ,2021-03-29 19:53:22,11.5,42.5,82.4,65,1,5.75
390,Vilhena,BR,2021-03-29 19:51:36,-12.7406,-60.1458,75.2,83,40,8.05
391,College,US,2021-03-29 19:53:23,64.8569,-147.8028,26.01,80,90,3.44
392,Ambulu,ID,2021-03-29 19:53:23,-8.345,113.6058,76.14,91,100,2.24
393,Pacific Grove,US,2021-03-29 19:53:24,36.6177,-121.9166,59.0,67,40,11.5
394,Nioki,CD,2021-03-29 19:53:24,-2.7167,17.6833,70.3,91,100,1.12
395,Vao,NC,2021-03-29 19:53:24,-22.6667,167.4833,77.59,78,100,12.01
396,Qaqortoq,GL,2021-03-29 19:53:25,60.7167,-46.0333,24.8,46,75,5.75
397,Orange,US,2021-03-29 19:51:03,33.7,-117.7675,77.0,27,1,3.44
398,Baruun-Urt,MN,2021-03-29 19:53:25,46.6806,113.2792,36.16,27,100,9.15
399,Vardo,NO,2021-03-29 19:53:26,70.3705,31.1107,37.4,75,0,16.11
400,Faya,SA,2021-03-29 19:53:26,18.3851,42.4509,66.2,39,0,5.75
401,Sangmelima,CM,2021-03-29 19:53:27,2.9333,11.9833,67.35,95,25,2.26
402,Gagino,RU,2021-03-29 19:53:27,55.2314,45.0339,14.14,99,81,2.26
403,Vestmannaeyjar,IS,2021-03-29 19:53:27,63.4427,-20.2734,34.92,60,100,10.16
404,Miramar,US,2021-03-29 19:49:55,25.9873,-80.2323,84.99,58,75,12.66
405,Puerto Quijarro,BO,2021-03-29 19:53:28,-17.7833,-57.7667,93.13,38,54,4.76
406,Antalaha,MG,2021-03-29 19:53:28,-14.9003,50.2788,76.8,90,100,2.64
407,Warwick,US,2021-03-29 19:48:52,41.7001,-71.4162,51.01,37,20,16.11
408,Lieksa,FI,2021-03-29 19:53:29,63.3167,30.0167,36.23,96,100,21.09
409,Ulladulla,AU,2021-03-29 19:53:29,-35.35,150.4667,60.01,63,90,11.5
410,Yavoriv,UA,2021-03-29 19:53:29,49.9386,23.3825,45.0,75,0,4.79
411,Kayes,ML,2021-03-29 19:53:30,14.0,-11.0,98.8,17,60,5.37
412,Melfi,IT,2021-03-29 19:53:30,40.9965,15.6514,46.99,61,0,8.05
413,Demerval Lobao,BR,2021-03-29 19:53:31,-5.3583,-42.6764,86.0,79,20,6.91
414,Terney,RU,2021-03-29 19:53:31,45.0503,136.6092,35.2,88,99,6.42
415,Tiksi,RU,2021-03-29 19:53:31,71.6872,128.8694,4.44,98,100,3.94
416,Dicabisagan,PH,2021-03-29 19:53:32,17.0818,122.4157,75.81,89,24,5.3
417,Namtsy,RU,2021-03-29 19:53:32,62.7161,129.6658,17.6,73,0,6.71
418,Marystown,CA,2021-03-29 19:53:33,47.1666,-55.1483,40.03,95,100,40.53
419,Salalah,OM,2021-03-29 19:53:33,17.0151,54.0924,82.4,78,0,2.3
420,Bathsheba,BB,2021-03-29 19:53:33,13.2167,-59.5167,82.4,61,40,23.02
421,Aklavik,CA,2021-03-29 19:53:34,68.2191,-135.0107,-5.8,65,75,10.36
422,Saldanha,ZA,2021-03-29 19:53:34,-33.0117,17.9442,64.4,88,0,5.75
423,Ratne,UA,2021-03-29 19:53:34,51.6683,24.5303,45.61,81,100,5.21
424,Bay Roberts,CA,2021-03-29 19:53:35,47.5999,-53.2648,37.0,92,100,5.99
425,Taber,CA,2021-03-29 19:53:35,49.8167,-112.1518,24.8,63,99,25.32
426,Ancud,CL,2021-03-29 19:53:35,-41.8697,-73.8203,71.6,56,0,14.97
427,Bambous Virieux,MU,2021-03-29 19:53:36,-20.3428,57.7575,77.0,88,20,5.75
428,Beira,MZ,2021-03-29 19:53:36,-19.8436,34.8389,78.8,73,75,10.36
429,Sisimiut,GL,2021-03-29 19:53:37,66.9395,-53.6735,17.71,59,100,14.41
430,Paluan,PH,2021-03-29 19:53:37,13.416,120.4623,79.52,81,100,9.73
431,Saint-Georges,GD,2021-03-29 19:53:37,12.0564,-61.7485,84.2,74,40,25.32
432,Neryungri,RU,2021-03-29 19:53:38,56.6709,124.6491,1.02,99,93,3.36
433,Pali,IN,2021-03-29 19:53:38,25.7667,73.3333,82.85,20,60,16.26
434,Colares,PT,2021-03-29 19:53:38,38.7992,-9.4469,66.2,68,0,2.3
435,Bara,NG,2021-03-29 19:53:39,10.3744,10.7288,83.39,16,0,9.8
436,Mount Isa,AU,2021-03-29 19:53:39,-20.7333,139.5,77.0,31,0,13.8
437,Liverpool,GB,2021-03-29 19:53:40,53.4106,-2.9779,55.4,82,75,9.22
438,Zeya,RU,2021-03-29 19:53:40,53.75,127.2667,23.81,95,100,4.05
439,Sept-Iles,CA,2021-03-29 19:52:05,50.2001,-66.3821,37.99,64,75,19.57
440,Gafargaon,BD,2021-03-29 19:53:40,24.4333,90.5667,80.6,74,75,20.71
441,Bethanien,NA,2021-03-29 19:53:41,-26.502,17.1583,74.79,16,0,6.87
442,Mayor Pablo Lagerenza,PY,2021-03-29 19:53:41,-19.9309,-60.7718,87.4,37,64,5.44
443,Gravdal,NO,2021-03-29 19:53:42,68.1214,13.5031,39.2,93,75,20.71
444,Leh,IN,2021-03-29 19:53:42,34.1667,77.5833,29.7,74,18,5.53
445,Grindavik,IS,2021-03-29 19:53:42,63.8424,-22.4338,30.2,64,40,18.41
446,Sedkyrkeshch,RU,2021-03-29 19:53:43,61.75,50.9167,33.8,51,0,6.71
447,Orel-Izumrud,RU,2021-03-29 19:53:43,43.4583,39.9244,41.0,87,25,4.47
448,Maud,US,2021-03-29 19:53:43,33.3329,-94.3427,73.0,39,0,5.99
449,Vila Velha,BR,2021-03-29 19:53:44,-20.3297,-40.2925,82.4,65,20,11.5
450,Pataias,PT,2021-03-29 19:53:44,39.6698,-8.9958,68.0,52,0,3.44
451,Salinas,US,2021-03-29 19:53:44,36.6777,-121.6555,60.8,59,1,10.36
452,Mionica,BA,2021-03-29 19:53:45,44.8672,18.4631,53.01,66,0,1.14
453,Ulaanbaatar,MN,2021-03-29 19:53:45,47.9077,106.8832,39.2,33,75,8.95
454,Morondava,MG,2021-03-29 19:53:46,-20.2833,44.2833,77.68,71,0,14.03
455,Sterlibashevo,RU,2021-03-29 19:53:46,53.4376,55.2578,27.66,96,99,6.69
456,Mundo Nuevo,MX,2021-03-29 19:53:46,18.7,-95.5,73.44,81,99,17.65
457,Marolambo,MG,2021-03-29 19:53:47,-20.05,48.1167,68.67,98,28,2.46
458,Lokosovo,RU,2021-03-29 19:53:47,61.1333,74.8167,-7.28,100,70,4.45
459,Jijiga,ET,2021-03-29 19:53:47,9.35,42.8,70.3,46,87,5.68
460,Labrea,BR,2021-03-29 19:53:48,-7.2586,-64.7981,79.5,92,88,2.82
461,Kendal,GB,2021-03-29 19:53:48,54.3268,-2.7476,53.01,86,100,1.99
462,Westport,US,2021-03-29 19:53:49,41.1415,-73.3579,52.0,30,1,19.57
463,Leshukonskoye,RU,2021-03-29 19:53:49,64.8989,45.7622,34.7,93,100,10.38
464,Port Augusta,AU,2021-03-29 19:53:49,-32.5,137.7667,53.6,100,0,5.75
465,Kharp,RU,2021-03-29 19:53:50,66.8014,65.8081,23.52,96,100,3.78
466,Mvuma,ZW,2021-03-29 19:53:50,-19.2792,30.5283,58.33,75,3,9.66
467,Sumbe,AO,2021-03-29 19:49:24,-11.2061,13.8437,78.46,74,36,5.32
468,Rapid City,US,2021-03-29 19:52:21,44.0805,-103.231,46.4,49,20,46.04
469,Butembo,CD,2021-03-29 19:53:51,0.15,29.2833,57.33,96,86,1.1
470,Cuamba,MZ,2021-03-29 19:53:51,-14.8031,36.5372,66.92,89,21,7.43
471,Coahuayana,MX,2021-03-29 19:53:52,18.7333,-103.6833,84.2,34,75,9.17
472,Sumenep,ID,2021-03-29 19:53:52,-7.0167,113.8667,79.0,83,100,1.59
473,Kuna,US,2021-03-29 19:53:52,43.4918,-116.4201,43.0,33,75,13.8
474,Okitipupa,NG,2021-03-29 19:53:53,6.5047,4.7839,80.06,83,81,6.2
475,Qiongshan,CN,2021-03-29 19:53:53,20.0058,110.3542,77.0,78,0,6.71
476,Kawalu,ID,2021-03-29 19:53:53,-7.3817,108.2082,74.1,94,100,0.67
477,Aripuana,BR,2021-03-29 19:53:54,-9.1667,-60.6333,80.24,90,80,2.13
478,Russell,US,2021-03-29 19:53:20,32.3502,-85.1999,68.0,28,1,4.29
479,Tilichiki,RU,2021-03-29 19:53:54,60.4667,166.1,-10.95,98,10,4.54
480,Opuwo,NA,2021-03-29 19:53:55,-18.0607,13.84,73.29,61,63,4.72
481,Leningradskiy,RU,2021-03-29 19:53:55,69.3833,178.4167,-1.98,95,100,12.95
482,Muana,BR,2021-03-29 19:53:55,-1.5283,-49.2167,81.73,81,31,5.61
483,Kanker,IN,2021-03-29 19:53:56,20.2719,81.4931,80.89,15,7,5.12
484,Husavik,IS,2021-03-29 19:53:56,66.0449,-17.3389,26.6,86,90,16.11
485,Carutapera,BR,2021-03-29 19:53:57,-1.195,-46.02,78.37,91,100,7.61
486,Kamenka,RU,2021-03-29 19:53:57,51.3223,42.7678,33.01,94,77,6.73
487,Keetmanshoop,NA,2021-03-29 19:53:57,-26.5833,18.1333,82.4,20,29,14.97
488,Isangel,VU,2021-03-29 19:53:58,-19.55,169.2667,79.0,84,7,8.14
489,Margate,GB,2021-03-29 19:50:41,51.3813,1.3862,51.01,58,14,4.0
490,Inirida,CO,2021-03-29 19:53:58,3.8653,-67.9239,84.42,75,98,1.79
491,Pirogovo,RU,2021-03-29 19:53:59,56.7796,53.1495,28.27,96,99,5.37
492,Rantepao,ID,2021-03-29 19:53:59,-2.9701,119.8978,67.21,98,100,2.19
493,Bagotville,AU,2021-03-29 19:53:59,-28.9833,153.4167,66.2,100,75,4.61
494,Miles City,US,2021-03-29 19:54:00,46.4083,-105.8406,42.8,39,40,46.04
495,Praia,CV,2021-03-29 19:54:00,14.9215,-23.5087,69.8,68,40,23.02
496,Dongsheng,CN,2021-03-29 19:54:00,39.8161,109.9776,41.4,37,86,7.45
497,Thinadhoo,MV,2021-03-29 19:54:01,0.5333,72.9333,83.03,73,100,28.21
498,Hervey Bay,AU,2021-03-29 19:54:01,-25.2986,152.8535,66.99,87,3,1.01
499,Jamame,SO,2021-03-29 19:54:02,0.0722,42.7506,80.02,74,91,12.17
500,Kearney,US,2021-03-29 19:54:02,40.6995,-99.0815,75.2,30,1,13.8
501,Mizdah,LY,2021-03-29 19:52:13,31.4451,12.9801,63.68,23,99,10.65
502,Cap Malheureux,MU,2021-03-29 19:54:03,-19.9842,57.6142,77.0,80,71,6.91
503,Kwinana,AU,2021-03-29 19:54:03,-32.25,115.7667,75.0,83,75,4.61
504,Miandrivazo,MG,2021-03-29 19:54:03,-19.5167,45.4667,75.18,86,3,2.46
505,Itarema,BR,2021-03-29 19:54:04,-2.9248,-39.9167,81.28,76,10,7.94
506,Ulety,RU,2021-03-29 19:54:04,51.3572,112.4849,26.55,94,100,2.42
507,Agadez,NE,2021-03-29 19:50:15,19.75,10.25,70.11,10,0,5.48
508,Ipora,BR,2021-03-29 19:54:05,-16.4419,-51.1178,86.22,50,6,1.32
509,Benguela,AO,2021-03-29 19:54:05,-12.5763,13.4055,78.98,75,90,1.99
510,Novo Aripuana,BR,2021-03-29 19:54:05,-5.1206,-60.3797,79.43,95,100,1.52
511,Kieta,PG,2021-03-29 19:54:06,-6.2167,155.6333,78.69,82,100,4.07
512,Yacuiba,BO,2021-03-29 19:54:06,-22.038,-63.6797,78.8,65,75,6.2
513,Ponta Delgada,PT,2021-03-29 19:54:07,37.7333,-25.6667,60.8,82,40,12.66
514,Necochea,AR,2021-03-29 19:54:07,-38.5473,-58.7368,71.01,54,7,1.99
515,Guarapari,BR,2021-03-29 19:54:07,-20.6667,-40.4975,82.4,65,20,11.5
516,Naberera,TZ,2021-03-29 19:54:08,-4.2,36.9333,66.42,83,76,6.44
517,Ahipara,NZ,2021-03-29 19:54:08,-35.1667,173.1667,67.05,94,48,5.68
518,Beloha,MG,2021-03-29 19:54:08,-25.1667,45.05,69.49,81,0,4.99
519,Ixtapa,MX,2021-03-29 19:54:09,20.7,-105.2,78.8,50,75,6.91
520,Pundaguitan,PH,2021-03-29 19:54:09,6.3711,126.1689,80.37,79,100,7.11
521,Pangnirtung,CA,2021-03-29 19:54:09,66.1451,-65.7125,10.4,67,90,10.36
522,Lyubinskiy,RU,2021-03-29 19:54:10,55.1542,72.6925,24.8,68,75,11.18
523,Doka,SD,2021-03-29 19:54:10,13.5167,35.7667,89.44,27,33,10.25
524,Louviers,FR,2021-03-29 19:54:11,49.2167,1.1667,55.0,54,0,5.75
525,Prince George,CA,2021-03-29 19:54:11,53.9166,-122.753,30.99,46,20,4.61
526,Manokwari,ID,2021-03-29 19:54:11,-0.8667,134.0833,78.01,79,100,4.12
527,Coihaique,CL,2021-03-29 19:54:12,-45.5752,-72.0662,73.4,49,0,6.38
528,Gulbarga,IN,2021-03-29 19:54:12,17.3333,76.8333,87.89,15,61,3.0
529,Korhogo,CI,2021-03-29 19:54:12,9.45,-5.6333,88.39,26,6,3.2
530,Narrabri,AU,2021-03-29 19:54:13,-30.3167,149.7833,59.0,77,0,12.66
531,Bud,US,2021-03-29 19:54:13,39.447,-86.1758,59.0,41,1,10.36
532,Bintulu,MY,2021-03-29 19:54:13,3.1667,113.0333,77.0,94,20,3.69
533,Eyl,SO,2021-03-29 19:54:14,7.9803,49.8164,78.1,76,35,7.87
534,Rocha,UY,2021-03-29 19:54:14,-34.4833,-54.3333,68.05,86,67,17.52
535,San Luis,AR,2021-03-29 19:54:15,-33.295,-66.3356,76.26,21,0,1.63
536,Aljezur,PT,2021-03-29 19:54:15,37.3191,-8.8033,60.67,78,86,8.34
537,Saint-Joseph,RE,2021-03-29 19:54:15,-21.3667,55.6167,77.0,78,0,4.61
538,Rio Grande,BR,2021-03-29 19:54:16,-32.035,-52.0986,78.8,53,75,11.5
539,Puerto Del Rosario,ES,2021-03-29 19:54:16,28.5004,-13.8627,68.0,68,40,10.36
540,Belmonte,BR,2021-03-29 19:54:17,-15.8631,-38.8828,82.4,61,0,12.66
541,Manaure,CO,2021-03-29 19:54:17,11.7751,-72.4445,87.6,53,95,19.91
542,Sibolga,ID,2021-03-29 19:54:17,1.7427,98.7792,75.29,94,98,1.16
543,Backa Palanka,RS,2021-03-29 19:54:18,45.2508,19.3919,51.01,62,0,2.15
544,Vysokogornyy,RU,2021-03-29 19:54:18,50.1167,139.15,29.3,98,100,2.35
545,Taybad,IR,2021-03-29 19:54:19,34.74,60.7756,43.56,48,4,17.94
546,Bubaque,GW,2021-03-29 19:54:19,11.2833,-15.8333,77.07,68,7,16.26
547,Tahe,CN,2021-03-29 19:54:19,52.3333,124.7333,18.68,90,11,4.61
548,Juegang,CN,2021-03-29 19:54:20,32.3174,121.1855,57.0,91,100,1.01
549,Vostok,RU,2021-03-29 19:54:20,46.4856,135.8833,31.46,99,100,3.67
550,Lata,PT,2021-03-29 19:54:20,40.1629,-8.3327,64.0,77,78,2.89
551,Skeldon,GY,2021-03-29 19:54:21,5.8833,-57.1333,78.64,89,81,9.46
552,Waingapu,ID,2021-03-29 19:54:21,-9.6567,120.2641,78.48,85,100,9.8
553,Kahului,US,2021-03-29 19:54:21,20.8947,-156.47,75.2,83,20,13.8
554,Diego De Almagro,CL,2021-03-29 19:54:22,-26.3667,-70.05,80.92,16,0,12.62
555,Santarem,BR,2021-03-29 19:54:22,-2.4431,-54.7083,86.0,74,40,11.5
556,Yar-Sale,RU,2021-03-29 19:54:22,66.8333,70.8333,10.22,95,100,10.33
557,Resistencia,AR,2021-03-29 19:52:32,-27.4606,-58.9839,75.99,60,75,8.05
558,Biltine,TD,2021-03-29 19:54:23,14.5333,20.9167,77.09,8,0,11.88
559,Lasa,IT,2021-03-29 19:54:23,46.6166,10.7002,59.0,41,0,2.3
560,Eenhana,NA,2021-03-29 19:54:24,-17.4667,16.3333,75.2,64,23,6.91
561,Wuzhou,CN,2021-03-29 19:54:24,23.4833,111.3167,73.56,92,8,2.86
562,Paamiut,GL,2021-03-29 19:54:25,61.994,-49.6678,27.97,64,100,17.6
563,Flinders,AU,2021-03-29 19:54:25,-34.5833,150.8552,62.01,71,70,4.0
564,Vanimo,PG,2021-03-29 19:54:25,-2.6741,141.3028,76.93,88,100,1.36
565,Sinop,TR,2021-03-29 19:54:26,41.7711,34.8709,37.72,96,100,2.42
566,Gat,IL,2021-03-29 19:54:26,31.61,34.7642,57.0,100,1,7.07
567,Fallon,US,2021-03-29 19:53:05,39.4735,-118.7774,53.6,26,75,19.57
568,Warrnambool,AU,2021-03-29 19:54:26,-38.3833,142.4833,45.0,94,71,3.58
569,Qasigiannguit,GL,2021-03-29 19:54:27,68.8193,-51.1922,12.2,48,75,2.3
570,Mecca,SA,2021-03-29 19:54:27,21.4267,39.8261,78.1,51,59,4.21
571,Sarai Naurang,PK,2021-03-29 19:54:28,32.8259,70.7814,72.12,29,0,4.18
572,Kholodnyy,RU,2021-03-29 19:54:28,62.7167,147.95,-8.43,98,100,2.3
573,Karambakkudi,IN,2021-03-29 19:54:28,10.4667,79.1333,82.4,74,20,6.91
